ds,y
1/2/2015,219.3099976
1/5/2015,210.0899963
1/6/2015,211.2799988
1/7/2015,210.9499969
1/8/2015,210.6199951
1/9/2015,206.6600037
1/12/2015,202.2100067
1/13/2015,204.25
1/14/2015,192.6900024
1/15/2015,191.8699951
1/16/2015,193.0700073
1/20/2015,191.9299927
1/21/2015,196.5700073
1/22/2015,201.6199951
1/23/2015,201.2899933
1/26/2015,206.5500031
1/27/2015,205.9799957
1/28/2015,199.3699951
1/29/2015,205.1999969
1/30/2015,203.6000061
2/2/2015,210.9400024
2/3/2015,218.3600006
2/4/2015,218.5500031
2/5/2015,220.9900055
2/6/2015,217.3600006
2/9/2015,217.4799957
2/10/2015,216.2899933
2/11/2015,212.8000031
2/12/2015,202.8800049
2/13/2015,203.7700043
2/17/2015,204.3500061
2/18/2015,204.4600067
2/19/2015,211.7100067
2/20/2015,217.1100006
2/23/2015,207.3399963
2/24/2015,204.1100006
2/25/2015,203.7599945
2/26/2015,207.1900024
2/27/2015,203.3399963
3/2/2015,197.3300018
3/3/2015,199.5599976
3/4/2015,202.4400024
3/5/2015,200.6300049
3/6/2015,193.8800049
3/9/2015,190.8800049
3/10/2015,190.3200073
3/11/2015,193.7400055
3/12/2015,191.0700073
3/13/2015,188.6799927
3/16/2015,195.6999969
3/17/2015,194.7299957
3/18/2015,200.7100067
3/19/2015,195.6499939
3/20/2015,198.0800018
3/23/2015,199.6300049
3/24/2015,201.7200012
3/25/2015,194.3000031
3/26/2015,190.4100037
3/27/2015,185
3/30/2015,190.5700073
3/31/2015,188.7700043
4/1/2015,187.5899963
4/2/2015,191
4/6/2015,203.1000061
4/7/2015,203.25
4/8/2015,207.6699982
4/9/2015,210.0899963
4/10/2015,210.8999939
4/13/2015,209.7799988
4/14/2015,207.4600067
4/15/2015,207.8300018
4/16/2015,206.6999969
4/17/2015,206.7899933
4/20/2015,205.2700043
4/21/2015,209.4100037
4/22/2015,219.4400024
4/23/2015,218.6000061
4/24/2015,218.4299927
4/27/2015,231.5500031
4/28/2015,230.4799957
4/29/2015,232.4499969
4/30/2015,226.0500031
5/1/2015,226.0299988
5/4/2015,230.5099945
5/5/2015,232.9499969
5/6/2015,230.4299927
5/7/2015,236.8000031
5/8/2015,236.6100006
5/11/2015,239.4900055
5/12/2015,244.7400055
5/13/2015,243.1799927
5/14/2015,244.1000061
5/15/2015,248.8399963
5/18/2015,248.75
5/19/2015,247.1399994
5/20/2015,244.3500061
5/21/2015,245.6199951
5/22/2015,247.7299957
5/26/2015,247.4600067
5/27/2015,247.4299927
5/28/2015,251.4499969
5/29/2015,250.8000031
6/1/2015,249.4499969
6/2/2015,248.3500061
6/3/2015,248.9900055
6/4/2015,245.9199982
6/5/2015,249.1399994
6/8/2015,256.2900085
6/9/2015,256
6/10/2015,250.6999969
6/11/2015,251.4100037
6/12/2015,250.6900024
6/15/2015,250.3800049
6/16/2015,253.1199951
6/17/2015,260.4100037
6/18/2015,261.8900146
6/19/2015,262.5100098
6/22/2015,259.7900085
6/23/2015,267.6700134
6/24/2015,265.1700134
6/25/2015,268.7900085
6/26/2015,267.0899963
6/29/2015,262.019989
6/30/2015,268.2600098
7/1/2015,269.1499939
7/2/2015,280.019989
7/6/2015,279.7200012
7/7/2015,267.8800049
7/8/2015,254.9600067
7/9/2015,257.9200134
7/10/2015,259.1499939
7/13/2015,262.1600037
7/14/2015,265.6499939
7/15/2015,263.1400146
7/16/2015,266.6799927
7/17/2015,274.6600037
7/20/2015,282.2600098
7/21/2015,266.769989
7/22/2015,267.8699951
7/23/2015,267.2000122
7/24/2015,265.4100037
7/27/2015,253.0099945
7/28/2015,264.8200073
7/29/2015,263.8200073
7/30/2015,266.7900085
7/31/2015,266.1499939
8/3/2015,259.9899902
8/4/2015,266.2799988
8/5/2015,270.1300049
8/6/2015,246.1300049
8/7/2015,242.5099945
8/10/2015,241.1399994
8/11/2015,237.3699951
8/12/2015,238.1699982
8/13/2015,242.5099945
8/14/2015,243.1499939
8/17/2015,254.9900055
8/18/2015,260.7200012
8/19/2015,255.25
8/20/2015,242.1799927
8/21/2015,230.7700043
8/24/2015,218.8699951
8/25/2015,220.0299988
8/26/2015,224.8399963
8/27/2015,242.9900055
8/28/2015,248.4799957
8/31/2015,249.0599976
9/1/2015,238.6300049
9/2/2015,247.6900024
9/3/2015,245.5700073
9/4/2015,241.9299927
9/8/2015,248.1699982
9/9/2015,248.9100037
9/10/2015,248.4799957
9/11/2015,250.2400055
9/14/2015,253.1900024
9/15/2015,253.5700073
9/16/2015,262.25
9/17/2015,262.0700073
9/18/2015,260.6199951
9/21/2015,264.2000122
9/22/2015,260.9400024
9/23/2015,261.0599976
9/24/2015,263.1199951
9/25/2015,256.9100037
9/28/2015,248.4299927
9/29/2015,246.6499939
9/30/2015,248.3999939
10/1/2015,239.8800049
10/2/2015,247.5700073
10/5/2015,246.1499939
10/6/2015,241.4600067
10/7/2015,231.9600067
10/8/2015,226.7200012
10/9/2015,220.6900024
10/12/2015,215.5800018
10/13/2015,219.25
10/14/2015,216.8800049
10/15/2015,221.3099976
10/16/2015,227.0099945
10/19/2015,228.1000061
10/20/2015,213.0299988
10/21/2015,210.0899963
10/22/2015,211.7200012
10/23/2015,209.0899963
10/26/2015,215.2599945
10/27/2015,210.3500061
10/28/2015,212.9600067
10/29/2015,211.6300049
10/30/2015,206.9299927
11/2/2015,213.7899933
11/3/2015,208.3500061
11/4/2015,231.6300049
11/5/2015,231.7700043
11/6/2015,232.3600006
11/9/2015,225.3300018
11/10/2015,216.5
11/11/2015,219.0800018
11/12/2015,212.9400024
11/13/2015,207.1900024
11/16/2015,214.3099976
11/17/2015,214
11/18/2015,221.0700073
11/19/2015,221.8000031
11/20/2015,220.0099945
11/23/2015,217.75
11/24/2015,218.25
11/25/2015,229.6399994
11/27/2015,231.6100006
11/30/2015,230.2599945
12/1/2015,237.1900024
12/2/2015,231.9900055
12/3/2015,232.7100067
12/4/2015,230.3800049
12/7/2015,231.1300049
12/8/2015,226.7200012
12/9/2015,224.5200043
12/10/2015,227.0700073
12/11/2015,217.0200043
12/14/2015,218.5800018
12/15/2015,221.0899963
12/16/2015,234.5099945
12/17/2015,233.3899994
12/18/2015,230.4600067
12/21/2015,232.5599976
12/22/2015,229.9499969
12/23/2015,229.6999969
12/24/2015,230.5700073
12/28/2015,228.9499969
12/29/2015,237.1900024
12/30/2015,238.0899963
12/31/2015,240.0099945
1/4/2016,223.4100037
1/5/2016,223.4299927
1/6/2016,219.0399933
1/7/2016,215.6499939
1/8/2016,211
1/11/2016,207.8500061
1/12/2016,209.9700012
1/13/2016,200.3099976
1/14/2016,206.1799927
1/15/2016,204.9900055
1/19/2016,204.7200012
1/20/2016,198.6999969
1/21/2016,199.9700012
1/22/2016,202.5500031
1/25/2016,196.3800049
1/26/2016,193.5599976
1/27/2016,188.0700073
1/28/2016,189.6999969
1/29/2016,191.1999969
2/1/2016,196.9400024
2/2/2016,182.7799988
2/3/2016,173.4799957
2/4/2016,175.3300018
2/5/2016,162.6000061
2/8/2016,147.9900055
2/9/2016,148.25
2/10/2016,143.6699982
2/11/2016,150.4700012
2/12/2016,151.0399933
2/16/2016,155.1699982
2/17/2016,168.6799927
2/18/2016,166.7700043
2/19/2016,166.5800018
2/22/2016,177.7400055
2/23/2016,177.2100067
2/24/2016,179
2/25/2016,187.4299927
2/26/2016,190.3399963
2/29/2016,191.9299927
3/1/2016,186.3500061
3/2/2016,188.3399963
3/3/2016,195.7400055
3/4/2016,201.0399933
3/7/2016,205.2899933
3/8/2016,202.6000061
3/9/2016,208.7200012
3/10/2016,205.1799927
3/11/2016,207.5
3/14/2016,215.1499939
3/15/2016,218.3399963
3/16/2016,221.9299927
3/17/2016,226.3800049
3/18/2016,232.7400055
3/21/2016,238.3200073
3/22/2016,234.2400055
3/23/2016,222.5800018
3/24/2016,227.75
3/28/2016,230.2599945
3/29/2016,230.1300049
3/30/2016,226.8899994
3/31/2016,229.7700043
4/1/2016,237.5899963
4/4/2016,246.9900055
4/5/2016,255.4700012
4/6/2016,265.4200134
4/7/2016,257.2000122
4/8/2016,250.0700073
4/11/2016,249.9199982
4/12/2016,247.8200073
4/13/2016,254.5299988
4/14/2016,251.8600006
4/15/2016,254.5099945
4/18/2016,253.8800049
4/19/2016,247.3699951
4/20/2016,249.9700012
4/21/2016,248.2899933
4/22/2016,253.75
4/25/2016,251.8200073
4/26/2016,253.7400055
4/27/2016,251.4700012
4/28/2016,247.7100067
4/29/2016,240.7599945
5/2/2016,241.8000031
5/3/2016,232.3200073
5/4/2016,222.5599976
5/5/2016,211.5299988
5/6/2016,214.9299927
5/9/2016,208.9199982
5/10/2016,208.6900024
5/11/2016,208.9600067
5/12/2016,207.2799988
5/13/2016,207.6100006
5/16/2016,208.2899933
5/17/2016,204.6600037
5/18/2016,211.1699982
5/19/2016,215.2100067
5/20/2016,220.2799988
5/23/2016,216.2200012
5/24/2016,217.9100037
5/25/2016,219.5800018
5/26/2016,225.1199951
5/27/2016,223.0399933
5/31/2016,223.2299957
6/1/2016,219.5599976
6/2/2016,218.9600067
6/3/2016,218.9900055
6/6/2016,220.6799927
6/7/2016,232.3399963
6/8/2016,235.5200043
6/9/2016,229.3600006
6/10/2016,218.7899933
6/13/2016,217.8699951
6/14/2016,214.9600067
6/15/2016,217.6999969
6/16/2016,217.9299927
6/17/2016,215.4700012
6/20/2016,219.6999969
6/21/2016,219.6100006
6/22/2016,196.6600037
6/23/2016,196.3999939
6/24/2016,193.1499939
6/27/2016,198.5500031
6/28/2016,201.7899933
6/29/2016,210.1900024
6/30/2016,212.2799988
7/1/2016,216.5
7/5/2016,213.9799957
7/6/2016,214.4400024
7/7/2016,215.9400024
7/8/2016,216.7799988
7/11/2016,224.7799988
7/12/2016,224.6499939
7/13/2016,222.5299988
7/14/2016,221.5299988
7/15/2016,220.3999939
7/18/2016,226.25
7/19/2016,225.2599945
7/20/2016,228.3600006
7/21/2016,220.5
7/22/2016,222.2700043
7/25/2016,230.0099945
7/26/2016,229.5099945
7/27/2016,228.4900055
7/28/2016,230.6100006
7/29/2016,234.7899933
8/1/2016,230.0099945
8/2/2016,227.1999969
8/3/2016,225.7899933
8/4/2016,230.6100006
8/5/2016,230.0299988
8/8/2016,226.1600037
8/9/2016,229.0800018
8/10/2016,225.6499939
8/11/2016,224.9100037
8/12/2016,225.6100006
8/15/2016,225.5899963
8/16/2016,223.6100006
8/17/2016,223.2400055
8/18/2016,223.5099945
8/19/2016,225
8/22/2016,222.9299927
8/23/2016,224.8399963
8/24/2016,222.6199951
8/25/2016,220.9600067
8/26/2016,219.9900055
8/29/2016,215.1999969
8/30/2016,211.3399963
8/31/2016,212.0099945
9/1/2016,200.7700043
9/2/2016,197.7799988
9/6/2016,202.8300018
9/7/2016,201.7100067
9/8/2016,197.3600006
9/9/2016,194.4700012
9/12/2016,198.3000031
9/13/2016,196.0500031
9/14/2016,196.4100037
9/15/2016,200.4199982
9/16/2016,205.3999939
9/19/2016,206.3399963
9/20/2016,204.6399994
9/21/2016,205.2200012
9/22/2016,206.4299927
9/23/2016,207.4499969
9/26/2016,208.9900055
9/27/2016,205.8099976
9/28/2016,206.2700043
9/29/2016,200.6999969
9/30/2016,204.0299988
10/3/2016,213.6999969
10/4/2016,211.4100037
10/5/2016,208.4600067
10/6/2016,201
10/7/2016,196.6100006
10/10/2016,200.9499969
10/11/2016,200.1000061
10/12/2016,201.5099945
10/13/2016,200.2400055
10/14/2016,196.5099945
10/17/2016,193.9600067
10/18/2016,199.1000061
10/19/2016,203.5599976
10/20/2016,199.1000061
10/21/2016,200.0899963
10/24/2016,202.7599945
10/25/2016,202.3399963
10/26/2016,202.2400055
10/27/2016,204.0099945
10/28/2016,199.9700012
10/31/2016,197.7299957
11/1/2016,190.7899933
11/2/2016,188.0200043
11/3/2016,187.4199982
11/4/2016,190.5599976
11/7/2016,193.2100067
11/8/2016,194.9400024
11/9/2016,190.0599976
11/10/2016,185.3500061
11/11/2016,188.5599976
11/14/2016,181.4499969
11/15/2016,183.7700043
11/16/2016,183.9299927
11/17/2016,188.6600037
11/18/2016,185.0200043
11/21/2016,184.5200043
11/22/2016,191.1699982
11/23/2016,193.1399994
11/25/2016,196.6499939
11/28/2016,196.1199951
11/29/2016,189.5700073
11/30/2016,189.3999939
12/1/2016,181.8800049
12/2/2016,181.4700012
12/5/2016,186.8000031
12/6/2016,185.8500061
12/7/2016,193.1499939
12/8/2016,192.2899933
12/9/2016,192.1799927
12/12/2016,192.4299927
12/13/2016,198.1499939
12/14/2016,198.6900024
12/15/2016,197.5800018
12/16/2016,202.4900055
12/19/2016,202.7299957
12/20/2016,208.7899933
12/21/2016,207.6999969
12/22/2016,208.4499969
12/23/2016,213.3399963
12/27/2016,219.5299988
12/28/2016,219.7400055
12/29/2016,214.6799927
12/30/2016,213.6900024
1/3/2017,216.9900055
1/4/2017,226.9900055
1/5/2017,226.75
1/6/2017,229.0099945
1/9/2017,231.2799988
1/10/2017,229.8699951
1/11/2017,229.7299957
1/12/2017,229.5899963
1/13/2017,237.75
1/17/2017,235.5800018
1/18/2017,238.3600006
1/19/2017,243.7599945
1/20/2017,244.7299957
1/23/2017,248.9199982
1/24/2017,254.6100006
1/25/2017,254.4700012
1/26/2017,252.5099945
1/27/2017,252.9499969
1/30/2017,250.6300049
1/31/2017,251.9299927
2/1/2017,249.2400055
2/2/2017,251.5500031
2/3/2017,251.3300018
2/6/2017,257.769989
2/7/2017,257.480011
2/8/2017,262.0799866
2/9/2017,269.2000122
2/10/2017,269.230011
2/13/2017,280.6000061
2/14/2017,280.980011
2/15/2017,279.7600098
2/16/2017,268.9500122
2/17/2017,272.230011
2/21/2017,277.3900146
2/22/2017,273.5100098
2/23/2017,255.9900055
2/24/2017,257
2/27/2017,246.2299957
2/28/2017,249.9900055
3/1/2017,250.0200043
3/2/2017,250.4799957
3/3/2017,251.5700073
3/6/2017,251.2100067
3/7/2017,248.5899963
3/8/2017,246.8699951
3/9/2017,244.8999939
3/10/2017,243.6900024
3/13/2017,246.1699982
3/14/2017,258
3/15/2017,255.7299957
3/16/2017,262.0499878
3/17/2017,261.5
3/20/2017,261.9200134
3/21/2017,250.6799927
3/22/2017,255.0099945
3/23/2017,254.7799988
3/24/2017,263.1600037
3/27/2017,270.2200012
3/28/2017,277.4500122
3/29/2017,277.3800049
3/30/2017,277.9200134
3/31/2017,278.2999878
4/3/2017,298.519989
4/4/2017,303.7000122
4/5/2017,295
4/6/2017,298.7000122
4/7/2017,302.5400085
4/10/2017,312.3900146
4/11/2017,308.7099915
4/12/2017,296.8399963
4/13/2017,304
4/17/2017,301.4400024
4/18/2017,300.25
4/19/2017,305.519989
4/20/2017,302.5100098
4/21/2017,305.6000061
4/24/2017,308.0299988
4/25/2017,313.7900085
4/26/2017,310.1700134
4/27/2017,308.6300049
4/28/2017,314.0700073
5/1/2017,322.8299866
5/2/2017,318.8900146
5/3/2017,311.019989
5/4/2017,295.4599915
5/5/2017,308.3500061
5/8/2017,307.1900024
5/9/2017,321.2600098
5/10/2017,325.2200012
5/11/2017,323.1000061
5/12/2017,324.8099976
5/15/2017,315.8800049
5/16/2017,317.0100098
5/17/2017,306.1099854
5/18/2017,313.0599976
5/19/2017,310.8299866
5/22/2017,310.3500061
5/23/2017,303.8599854
5/24/2017,310.2200012
5/25/2017,316.8299866
5/26/2017,325.1400146
5/30/2017,335.1000061
5/31/2017,341.0100098
6/1/2017,340.3699951
6/2/2017,339.8500061
6/5/2017,347.3200073
6/6/2017,352.8500061
6/7/2017,359.6499939
6/8/2017,370
6/9/2017,357.3200073
6/12/2017,359.0100098
6/13/2017,375.9500122
6/14/2017,380.6600037
6/15/2017,375.3399963
6/16/2017,371.3999939
6/19/2017,369.7999878
6/20/2017,372.2399902
6/21/2017,376.3999939
6/22/2017,382.6099854
6/23/2017,383.4500122
6/26/2017,377.4899902
6/27/2017,362.3699951
6/28/2017,371.2399902
6/29/2017,360.75
6/30/2017,361.6099854
7/3/2017,352.6199951
7/5/2017,327.0899963
7/6/2017,308.8299866
7/7/2017,313.2200012
7/10/2017,316.0499878
7/11/2017,327.2200012
7/12/2017,329.519989
7/13/2017,323.4100037
7/14/2017,327.7799988
7/17/2017,319.5700073
7/18/2017,328.2399902
7/19/2017,325.2600098
7/20/2017,329.9200134
7/21/2017,328.3999939
7/24/2017,342.519989
7/25/2017,339.6000061
7/26/2017,343.8500061
7/27/2017,334.4599915
7/28/2017,335.0700073
7/31/2017,323.4700012
8/1/2017,319.5700073
8/2/2017,325.8900146
8/3/2017,347.0899963
8/4/2017,356.9100037
8/7/2017,355.1700134
8/8/2017,365.2200012
8/9/2017,363.5299988
8/10/2017,355.3999939
8/11/2017,357.8699951
8/14/2017,363.7999878
8/15/2017,362.3299866
8/16/2017,362.9100037
8/17/2017,351.9200134
8/18/2017,347.4599915
8/21/2017,337.8599854
8/22/2017,341.3500061
8/23/2017,352.769989
8/24/2017,352.9299927
8/25/2017,348.0499878
8/28/2017,345.6600037
8/29/2017,347.3599854
8/30/2017,353.1799927
8/31/2017,355.8999939
9/1/2017,355.3999939
9/5/2017,349.5899963
9/6/2017,344.5299988
9/7/2017,350.6099854
9/8/2017,343.3999939
9/11/2017,363.6900024
9/12/2017,362.75
9/13/2017,366.230011
9/14/2017,377.6400146
9/15/2017,379.8099976
9/18/2017,385
9/19/2017,375.1000061
9/20/2017,373.9100037
9/21/2017,366.480011
9/22/2017,351.0899963
9/25/2017,344.9899902
9/26/2017,345.25
9/27/2017,340.9700012
9/28/2017,339.6000061
9/29/2017,341.1000061
10/2/2017,341.5299988
10/3/2017,348.1400146
10/4/2017,355.0100098
10/5/2017,355.3299866
10/6/2017,356.8800049
10/9/2017,342.9400024
10/10/2017,355.5899963
10/11/2017,354.6000061
10/12/2017,355.6799927
10/13/2017,355.5700073
10/16/2017,350.6000061
10/17/2017,355.75
10/18/2017,359.6499939
10/19/2017,351.8099976
10/20/2017,345.1000061
10/23/2017,337.019989
10/24/2017,337.3399963
10/25/2017,325.8399963
10/26/2017,326.1700134
10/27/2017,320.8699951
10/30/2017,320.0799866
10/31/2017,331.5299988
11/1/2017,321.0799866
11/2/2017,299.2600098
11/3/2017,306.0899963
11/6/2017,302.7799988
11/7/2017,306.0499878
11/8/2017,304.3900146
11/9/2017,302.9899902
11/10/2017,302.9899902
11/13/2017,315.3999939
11/14/2017,308.7000122
11/15/2017,311.2999878
11/16/2017,312.5
11/17/2017,315.0499878
11/20/2017,308.7399902
11/21/2017,317.8099976
11/22/2017,312.6000061
11/24/2017,315.5499878
11/27/2017,316.8099976
11/28/2017,317.5499878
11/29/2017,307.5400085
11/30/2017,308.8500061
12/1/2017,306.5299988
12/4/2017,305.2000122
12/5/2017,303.7000122
12/6/2017,313.2600098
12/7/2017,311.2399902
12/8/2017,315.1300049
12/11/2017,328.9100037
12/12/2017,341.0299988
12/13/2017,339.0299988
12/14/2017,337.8900146
12/15/2017,343.4500122
12/18/2017,338.8699951
12/19/2017,331.1000061
12/20/2017,328.980011
12/21/2017,331.6600037
12/22/2017,325.2000122
12/26/2017,317.2900085
12/27/2017,311.6400146
12/28/2017,315.3599854
12/29/2017,311.3500061
1/2/2018,320.5299988
1/3/2018,317.25
1/4/2018,314.6199951
1/5/2018,316.5799866
1/8/2018,336.4100037
1/9/2018,333.6900024
1/10/2018,334.7999878
1/11/2018,337.9500122
1/12/2018,336.2200012
1/16/2018,340.0599976
1/17/2018,347.1600037
1/18/2018,344.5700073
1/19/2018,350.019989
1/22/2018,351.5599976
1/23/2018,352.7900085
1/24/2018,345.8900146
1/25/2018,337.6400146
1/26/2018,342.8500061
1/29/2018,349.5299988
1/30/2018,345.8200073
1/31/2018,354.3099976
2/1/2018,349.25
2/2/2018,343.75
2/5/2018,333.1300049
2/6/2018,333.9700012
2/7/2018,345
2/8/2018,315.230011
2/9/2018,310.4200134
2/12/2018,315.730011
2/13/2018,323.6600037
2/14/2018,322.3099976
2/15/2018,334.0700073
2/16/2018,335.4899902
2/20/2018,334.769989
2/21/2018,333.2999878
2/22/2018,346.1700134
2/23/2018,352.0499878
2/26/2018,357.4200134
2/27/2018,350.9899902
2/28/2018,343.0599976
3/1/2018,330.9299927
3/2/2018,335.1199951
3/5/2018,333.3500061
3/6/2018,328.2000122
3/7/2018,332.2999878
3/8/2018,329.1000061
3/9/2018,327.1700134
3/12/2018,345.5100098
3/13/2018,341.8399963
3/14/2018,326.6300049
3/15/2018,325.6000061
3/16/2018,321.3500061
3/19/2018,313.5599976
3/20/2018,310.5499878
3/21/2018,316.5299988
3/22/2018,309.1000061
3/23/2018,301.5400085
3/26/2018,304.1799927
3/27/2018,279.1799927
3/28/2018,257.7799988
3/29/2018,266.1300049
4/2/2018,252.4799957
4/3/2018,267.5299988
4/4/2018,286.9400024
4/5/2018,305.7200012
4/6/2018,299.2999878
4/9/2018,289.6600037
4/10/2018,304.7000122
4/11/2018,300.9299927
4/12/2018,294.0799866
4/13/2018,300.3399963
4/16/2018,291.2099915
4/17/2018,287.6900024
4/18/2018,293.3500061
4/19/2018,300.0799866
4/20/2018,290.2399902
4/23/2018,283.3699951
4/24/2018,283.4599915
4/25/2018,280.6900024
4/26/2018,285.480011
4/27/2018,294.0799866
4/30/2018,293.8999939
5/1/2018,299.9200134
5/2/2018,301.1499939
5/3/2018,284.4500122
5/4/2018,294.0899963
5/7/2018,302.769989
5/8/2018,301.9700012
5/9/2018,306.8500061
5/10/2018,305.019989
5/11/2018,301.0599976
5/14/2018,291.9700012
5/15/2018,284.1799927
5/16/2018,286.480011
5/17/2018,284.5400085
5/18/2018,276.8200073
5/21/2018,284.4899902
5/22/2018,275.0100098
5/23/2018,279.0700073
5/24/2018,277.8500061
5/25/2018,278.8500061
5/29/2018,283.7600098
5/30/2018,291.7200012
5/31/2018,284.730011
6/1/2018,291.8200073
6/4/2018,296.7399902
6/5/2018,291.1300049
6/6/2018,319.5
6/7/2018,316.0899963
6/8/2018,317.6600037
6/11/2018,332.1000061
6/12/2018,342.769989
6/13/2018,344.7799988
6/14/2018,357.7200012
6/15/2018,358.1700134
6/18/2018,370.8299866
6/19/2018,352.5499878
6/20/2018,362.2200012
6/21/2018,347.5100098
6/22/2018,333.6300049
6/25/2018,333.0100098
6/26/2018,342
6/27/2018,344.5
6/28/2018,349.9299927
6/29/2018,342.9500122
7/2/2018,335.0700073
7/3/2018,310.8599854
7/5/2018,309.1600037
7/6/2018,308.8999939
7/9/2018,318.5100098
7/10/2018,322.4700012
7/11/2018,318.9599915
7/12/2018,316.7099915
7/13/2018,318.8699951
7/16/2018,310.1000061
7/17/2018,322.6900024
7/18/2018,323.8500061
7/19/2018,320.230011
7/20/2018,313.5799866
7/23/2018,303.2000122
7/24/2018,297.4299927
7/25/2018,308.7399902
7/26/2018,306.6499939
7/27/2018,297.1799927
7/30/2018,290.1700134
7/31/2018,298.1400146
8/1/2018,300.8399963
8/2/2018,349.5400085
8/3/2018,348.1700134
8/6/2018,341.9899902
8/7/2018,379.5700073
8/8/2018,370.3399963
8/9/2018,352.4500122
8/10/2018,355.4899902
8/13/2018,356.4100037
8/14/2018,347.6400146
8/15/2018,338.6900024
8/16/2018,335.4500122
8/17/2018,305.5
8/20/2018,308.4400024
8/21/2018,321.8999939
8/22/2018,321.6400146
8/23/2018,320.1000061
8/24/2018,322.8200073
8/27/2018,319.269989
8/28/2018,311.8599854
8/29/2018,305.0100098
8/30/2018,303.1499939
8/31/2018,301.6600037
9/4/2018,288.9500122
9/5/2018,280.7399902
9/6/2018,280.9500122
9/7/2018,263.2399902
9/10/2018,285.5
9/11/2018,279.4400024
9/12/2018,290.5400085
9/13/2018,289.4599915
9/14/2018,295.2000122
9/17/2018,294.8399963
9/18/2018,284.9599915
9/19/2018,299.019989
9/20/2018,298.3299866
9/21/2018,299.1000061
9/24/2018,299.6799927
9/25/2018,300.9899902
9/26/2018,309.5799866
9/27/2018,307.519989
9/28/2018,264.769989
10/1/2018,310.7000122
10/2/2018,301.019989
10/3/2018,294.7999878
10/4/2018,281.8299866
10/5/2018,261.9500122
10/8/2018,250.5599976
10/9/2018,262.7999878
10/10/2018,256.8800049
10/11/2018,252.2299957
10/12/2018,258.7799988
10/15/2018,259.5899963
10/16/2018,276.5899963
10/17/2018,271.7799988
10/18/2018,263.9100037
10/19/2018,260
10/22/2018,260.9500122
10/23/2018,294.1400146
10/24/2018,288.5
10/25/2018,314.8599854
10/26/2018,330.8999939
10/29/2018,334.8500061
10/30/2018,329.8999939
10/31/2018,337.3200073
11/1/2018,344.2799988
11/2/2018,346.4100037
11/5/2018,341.3999939
11/6/2018,341.0599976
11/7/2018,348.1600037
11/8/2018,351.3999939
11/9/2018,350.5100098
11/12/2018,331.2799988
11/13/2018,338.730011
11/14/2018,344
11/15/2018,348.4400024
11/16/2018,354.3099976
11/19/2018,353.4700012
11/20/2018,347.4899902
11/21/2018,338.1900024
11/23/2018,325.8299866
11/26/2018,346
11/27/2018,343.9200134
11/28/2018,347.8699951
11/29/2018,341.1700134
11/30/2018,350.480011
12/3/2018,358.4899902
12/4/2018,359.7000122
12/6/2018,363.0599976
12/7/2018,357.9700012
12/10/2018,365.1499939
12/11/2018,366.7600098
12/12/2018,366.6000061
12/13/2018,376.7900085
12/14/2018,365.7099915
12/17/2018,348.4200134
12/18/2018,337.0299988
12/19/2018,332.9700012
12/20/2018,315.3800049
12/21/2018,319.769989
12/24/2018,295.3900146
12/26/2018,326.0899963
12/27/2018,316.1300049
12/28/2018,333.8699951
12/31/2018,332.7999878
1/2/2019,310.1199951
1/3/2019,300.3599854
1/4/2019,317.6900024
1/7/2019,334.9599915
1/8/2019,335.3500061
1/9/2019,338.5299988
1/10/2019,344.9700012
1/11/2019,347.2600098
1/14/2019,334.3999939
1/15/2019,344.4299927
1/16/2019,346.0499878
1/17/2019,347.3099976
1/18/2019,302.2600098
1/22/2019,298.9200134
1/23/2019,287.5899963
1/24/2019,291.5100098
1/25/2019,297.0400085
1/28/2019,296.3800049
1/29/2019,297.4599915
1/30/2019,308.769989
1/31/2019,307.019989
2/1/2019,312.2099915
2/4/2019,312.8900146
2/5/2019,321.3500061
2/6/2019,317.2200012
2/7/2019,307.5100098
2/8/2019,305.7999878
2/11/2019,312.8399963
2/12/2019,311.8099976
2/13/2019,308.1700134
2/14/2019,303.769989
2/15/2019,307.8800049
2/19/2019,305.6400146
2/20/2019,302.5599976
2/21/2019,291.230011
2/22/2019,294.7099915
2/25/2019,298.769989
2/26/2019,297.8599854
2/27/2019,314.7399902
2/28/2019,319.8800049
3/1/2019,294.7900085
3/4/2019,285.3599854
3/5/2019,276.5400085
3/6/2019,276.2399902
3/7/2019,276.5899963
3/8/2019,284.1400146
3/11/2019,290.9200134
3/12/2019,283.3599854
3/13/2019,288.9599915
3/14/2019,289.9599915
3/15/2019,275.4299927
3/18/2019,269.4899902
3/19/2019,267.4700012
3/20/2019,273.6000061
3/21/2019,274.019989
3/22/2019,264.5299988
3/25/2019,260.4200134
3/26/2019,267.769989
3/27/2019,274.8299866
3/28/2019,278.6199951
3/29/2019,279.8599854
4/1/2019,289.1799927
4/2/2019,285.8800049
4/3/2019,291.8099976
4/4/2019,267.7799988
4/5/2019,274.9599915
4/8/2019,273.2000122
4/9/2019,272.3099976
4/10/2019,276.0599976
4/11/2019,268.4200134
4/12/2019,267.7000122
4/15/2019,266.3800049
4/16/2019,273.3599854
4/17/2019,271.230011
4/18/2019,273.2600098
4/22/2019,262.75
4/23/2019,263.8999939
4/24/2019,258.6600037
4/25/2019,247.6300049
4/26/2019,235.1399994
4/29/2019,241.4700012
4/30/2019,238.6900024
5/1/2019,234.0099945
5/2/2019,244.1000061
5/3/2019,255.0299988
5/6/2019,255.3399963
5/7/2019,247.0599976
5/8/2019,244.8399963
5/9/2019,241.9799957
5/10/2019,239.5200043
5/13/2019,227.0099945
5/14/2019,232.3099976
5/15/2019,231.9499969
5/16/2019,228.3300018
5/17/2019,211.0299988
5/20/2019,205.3600006
5/21/2019,205.0800018
5/22/2019,192.7299957
5/23/2019,195.4900055
5/24/2019,190.6300049
5/28/2019,188.6999969
5/29/2019,189.8600006
5/30/2019,188.2200012
5/31/2019,185.1600037
6/3/2019,178.9700012
6/4/2019,193.6000061
6/5/2019,196.5899963
6/6/2019,205.9499969
6/7/2019,204.5
6/10/2019,212.8800049
6/11/2019,217.1000061
6/12/2019,209.2599945
6/13/2019,213.9100037
6/14/2019,214.9199982
6/17/2019,225.0299988
6/18/2019,224.7400055
6/19/2019,226.4299927
6/20/2019,219.6199951
6/21/2019,221.8600006
6/24/2019,223.6399994
6/25/2019,219.7599945
6/26/2019,219.2700043
6/27/2019,222.8399963
6/28/2019,223.4600067
7/1/2019,227.1699982
7/2/2019,224.5500031
7/3/2019,234.8999939
7/5/2019,233.1000061
7/8/2019,230.3399963
7/9/2019,230.0599976
7/10/2019,238.9199982
7/11/2019,238.6000061
7/12/2019,245.0800018
7/15/2019,253.5
7/16/2019,252.3800049
7/17/2019,254.8600006
7/18/2019,253.5399933
7/19/2019,258.1799927
7/22/2019,255.6799927
7/23/2019,260.1700134
7/24/2019,264.8800049
7/25/2019,228.8200073
7/26/2019,228.0399933
7/29/2019,235.7700043
7/30/2019,242.2599945
7/31/2019,241.6100006
8/1/2019,233.8500061
8/2/2019,234.3399963
8/5/2019,228.3200073
8/6/2019,230.75
8/7/2019,233.4199982
8/8/2019,238.3000031
8/9/2019,235.0099945
8/12/2019,229.0099945
8/13/2019,235
8/14/2019,219.6199951
8/15/2019,215.6399994
8/16/2019,219.9400024
8/19/2019,226.8300018
8/20/2019,225.8600006
8/21/2019,220.8300018
8/22/2019,222.1499939
8/23/2019,211.3999939
8/26/2019,215
8/27/2019,214.0800018
8/28/2019,215.5899963
8/29/2019,221.7100067
8/30/2019,225.6100006
9/3/2019,225.0099945
9/4/2019,220.6799927
9/5/2019,229.5800018
9/6/2019,227.4499969
9/9/2019,231.7899933
9/10/2019,235.5399933
9/11/2019,247.1000061
9/12/2019,245.8699951
9/13/2019,245.1999969
9/16/2019,242.8099976
9/17/2019,244.7899933
9/18/2019,243.4900055
9/19/2019,246.6000061
9/20/2019,240.6199951
9/23/2019,241.2299957
9/24/2019,223.2100067
9/25/2019,228.6999969
9/26/2019,242.5599976
9/27/2019,242.1300049
9/30/2019,240.8699951
10/1/2019,244.6900024
10/2/2019,243.1300049
10/3/2019,233.0299988
10/4/2019,231.4299927
10/7/2019,237.7200012
10/8/2019,240.0500031
10/9/2019,244.5299988
10/10/2019,244.7400055
10/11/2019,247.8899994
10/14/2019,256.9599915
10/15/2019,257.8900146
10/16/2019,259.75
10/17/2019,261.9700012
10/18/2019,256.9500122
10/21/2019,253.5
10/22/2019,255.5800018
10/23/2019,254.6799927
10/24/2019,299.6799927
10/25/2019,328.1300049
10/28/2019,327.7099915
10/29/2019,316.2200012
10/30/2019,315.0100098
10/31/2019,314.9200134
11/1/2019,313.3099976
11/4/2019,317.4700012
11/5/2019,317.2200012
11/6/2019,326.5799866
11/7/2019,335.5400085
11/8/2019,337.1400146
11/11/2019,345.0899963
11/12/2019,349.9299927
11/13/2019,346.1099854
11/14/2019,349.3500061
11/15/2019,352.1700134
11/18/2019,349.9899902
11/19/2019,359.519989
11/20/2019,352.2200012
11/21/2019,354.8299866
11/22/2019,333.0400085
11/25/2019,336.3399963
11/26/2019,328.9200134
11/27/2019,331.2900085
11/29/2019,329.9400024
12/2/2019,334.8699951
12/3/2019,336.2000122
12/4/2019,333.0299988
12/5/2019,330.3699951
12/6/2019,335.8900146
12/9/2019,339.5299988
12/10/2019,348.8399963
12/11/2019,352.7000122
12/12/2019,359.6799927
12/13/2019,358.3900146
12/16/2019,381.5
12/17/2019,378.9899902
12/18/2019,393.1499939
12/19/2019,404.0400085
12/20/2019,405.5899963
12/23/2019,419.2200012
12/24/2019,425.25
12/26/2019,430.9400024
12/27/2019,430.3800049
12/30/2019,414.7000122
12/31/2019,418.3299866
1/2/2020,430.2600098
1/3/2020,443.0100098
1/6/2020,451.5400085
1/7/2020,469.0599976
1/8/2020,492.1400146
1/9/2020,481.3399963
1/10/2020,478.1499939
1/13/2020,524.8599854
1/14/2020,537.9199829
1/15/2020,518.5
1/16/2020,513.4899902
1/17/2020,510.5
1/21/2020,547.2000122
1/22/2020,569.5599976
1/23/2020,572.2000122
1/24/2020,564.8200073
1/27/2020,558.0200195
1/28/2020,566.9000244
1/29/2020,580.9899902
1/30/2020,640.8099976
1/31/2020,650.5700073
2/3/2020,780
2/4/2020,887.0599976
2/5/2020,734.7000122
2/6/2020,748.960022
2/7/2020,748.0700073
2/10/2020,771.2800293
2/11/2020,774.3800049
2/12/2020,767.289978
2/13/2020,804
2/14/2020,800.0300293
2/18/2020,858.4000244
2/19/2020,917.4199829
2/20/2020,899.4099731
2/21/2020,901
2/24/2020,833.789978
2/25/2020,799.9099731
2/26/2020,778.7999878
2/27/2020,679
2/28/2020,667.9899902
3/2/2020,743.6199951
3/3/2020,745.5100098
3/4/2020,749.5
3/5/2020,724.539978
3/6/2020,703.4799805
3/9/2020,608
3/10/2020,645.3300171
3/11/2020,634.2299805
3/12/2020,560.5499878
3/13/2020,546.6199951
3/16/2020,445.0700073
3/17/2020,430.2000122
3/18/2020,361.2200012
3/19/2020,427.6400146
3/20/2020,427.5299988
3/23/2020,434.2900085
3/24/2020,505
3/25/2020,539.25
3/26/2020,528.1599731
3/27/2020,514.3599854
3/30/2020,502.1300049
3/31/2020,524
4/1/2020,481.5599976
4/2/2020,454.4700012
4/3/2020,480.0100098
4/6/2020,516.2399902
4/7/2020,545.4500122
4/8/2020,548.8400269
4/9/2020,573
4/13/2020,650.9500122
4/14/2020,709.8900146
4/15/2020,729.8300171
4/16/2020,745.210022
4/17/2020,753.8900146
4/20/2020,746.3599854
4/21/2020,686.7199707
4/22/2020,732.1099854
4/23/2020,705.6300049
4/24/2020,725.1500244
4/27/2020,798.75
4/28/2020,769.1199951
4/29/2020,800.5100098
4/30/2020,781.8800049
5/1/2020,701.3200073
5/4/2020,761.1900024
5/5/2020,768.210022
5/6/2020,782.5800171
5/7/2020,780.039978
5/8/2020,819.4199829
5/11/2020,811.289978
5/12/2020,809.4099731
5/13/2020,790.960022
5/14/2020,803.3300171
5/15/2020,799.1699829
5/18/2020,813.6300049
5/19/2020,808.0100098
5/20/2020,815.5599976
5/21/2020,827.5999756
5/22/2020,816.8800049
5/26/2020,818.8699951
5/27/2020,820.2299805
5/28/2020,805.8099976
5/29/2020,835
6/1/2020,898.0999756
6/2/2020,881.5599976
6/3/2020,882.960022
6/4/2020,864.3800049
6/5/2020,885.6599731
6/8/2020,949.9199829
6/9/2020,940.6699829
6/10/2020,1025.050049
6/11/2020,972.8400269
6/12/2020,935.2800293
6/15/2020,990.9000244
6/16/2020,982.1300049
6/17/2020,991.789978
6/18/2020,1003.960022
6/19/2020,1000.900024
6/22/2020,994.3200073
6/23/2020,1001.780029
6/24/2020,960.8499756
6/25/2020,985.9799805
6/26/2020,959.7399902
6/29/2020,1009.349976
6/30/2020,1079.810059
7/1/2020,1119.630005
7/2/2020,1208.660034
7/6/2020,1371.579956
7/7/2020,1389.859985
7/8/2020,1365.880005
7/9/2020,1394.280029
7/10/2020,1544.650024
7/13/2020,1497.060059
7/14/2020,1516.800049
7/15/2020,1491.862549
